wallet,transfer_count,total_volume_usd,avg_volume_usd,avg_hop_count
2VoBhsq5v5xQFyYgZ922n8ihhX2tJhcmTUCW22qA2KBc,112,36.537817657046,0.32623051479505355,2.0
EZwPn7Ku9ARNwiF8tnjDfwdCPLuHMYwYTn7Q5iK3MUaV,103,91.631797009881,0.8896290971833106,2.058252427184466
mLFRTAhmNPj79GGMT4vr21sMKLa2MA3bnwaxzmFMUrH,80,2354.618555648434,29.432731945605422,2.2125
BxbuS91tioycP35MbLnAdzqdQc6pvedcp9YN4ygfG2b7,71,762.161270879267,10.734665787031929,2.0140845070422535
Bpn9UfdFsME4bBnfUFRqriT6ALwoy487Ac4VQ8L1CPP6,59,25823.434903570855,437.68533734865855,2.0
E4xNvD1JsnRS3HeakzHsPBcwSD9kArpc1n7CiNQP3sxd,51,2489.408892620298,48.811939070986234,3.392156862745098
4pdrrxYSjVnivw8XgCDBB8Pz5bMgyVy1M8JKkM5Hzvkr,43,68462.23818023514,1592.1450739589568,2.046511627906977
77L7DvEEf46iQqGrTtPcUDncvQ2ht2B9wq9LKPZohKET,40,197.259329985208,4.9314832496302,2.0
5AFi6p35Jhp7f6EVyB6fXJDjRhYU4FMYTJUMFpCPZvDc,33,88.965441618241,2.69592247328003,2.090909090909091
EhiDCKZDwqJWp56CbGBwKi1MA6sh9szytjVbNL82PMzQ,30,490.48533812226,16.349511270742,2.0
GtEFMvEqt8FNQripzud27ZavHk9gtoG4tFFcSrzdZsYV,26,7890.7721202862185,303.4912353956238,2.0384615384615383
FJh2SEzFwz3EUq9161GYFD5C79qnpCobyKz4wVQBkQAE,25,1892.836294623346,75.71345178493384,2.0
55kiJu3wF2xHQXnUvsGYY8pot6QE9YJayQjdSHh17PYX,25,545.032545939552,21.80130183758208,2.0
8gUo3CWLssxqfP5bBB4avaX3vwPnMHC7dLbEf3DhPyQ9,23,317.54094981740803,13.806128252930785,2.0
E8KMv2CenuTZB8EQBpLhbr5omfKTZoEQNbQdcpruitCB,22,1063.681397229064,48.34915441950291,2.0
C2L6DdAtVQNcDw3KKGoyWTV3AfuYdUfPKZn21EEhKMkm,21,9736.575533864112,463.6464539935291,2.0476190476190474
AgysGNE5aJPyXodayn9YxsJcPQfzEMBXvYLEDnzarZn9,19,30.032101931906,1.5806369437845262,2.0
5DDZt6dvXFPhnNScULoFAeK1GVfkMn4H8fC6EYDFhELg,19,423.940021441174,22.31263270743021,2.0
2Ap3yC1D5vw7sgrhmUZ1W1Jd99PZNVA8Dbqmw4u593Mq,18,851.1736521071421,47.28742511706345,2.0555555555555554
9U8c6h6eF8Dib98QRaJH4Qr9kHZbjBFQwvK8o2MckTkK,17,395.173692781772,23.245511340104233,2.1176470588235294
DdYuxrfH7ryy75aVnbweYqZNfWH5cFxWMHYnddfqUgXH,17,593.463806823581,34.90963569550476,2.0588235294117645
2n6p2upCRrpAyE6T6KrLb5rJEdwGYfYMsoHwhkXpLCYJ,16,129.214654109122,8.075915881820125,2.0
CkAbxXKWVxXTkW1JGRComqHjRijGwPGSMoseoqrtTZrK,16,205.481906303886,12.842619143992875,2.0
5NpnbQ3cRVgfGZqWX2j5hi9LphRn5gPN8b7kQEkgJHh4,14,3918.179479070934,279.869962790781,2.142857142857143
12gQbAbUXWxqqt6uCMUTPJSJMnZnSTtu6VKQfVLohjdY,13,961.5695454601899,73.96688811232231,2.1538461538461537
2UPrqbdAsynHNeKtsQ4YxjuwbbXmgM5doYFwJLQTeswZ,13,64.556444685364,4.965880360412616,2.0
2u4A7GxvkAM23FmHo4iVTvPEqepcKBRgAYdgfq7TvTqe,13,13.469097403324001,1.0360844156403077,2.0
hy7S4XwNX8i6Yw82Ct8nYdUV7HbPvuKAxdgjoBLxiBF,11,210.14636848392598,19.104215316720545,2.090909090909091
7uHgqMr7bJMe516zBkd23TnFNoHHdPgesgwLtQNBxCnS,11,246.91646788509001,22.446951625917276,2.1818181818181817
92rbMBEcSyvudgKGbDPqyZUndMXQFmWkMrKi9GJkWqos,11,643.935784351386,58.53961675921691,2.0
7e3LzHY9PLXTpUzvtk6PT4nKKZcBJB8gELkrBoFvNQKu,11,384.459447897716,34.950858899792365,2.0
8PbAgMN73p1FMaDLqNyoSPeyh5uUTVFDdK5XanufXSZo,11,274.19498633603,24.926816939639092,2.0
6gwu1WWU5AhEEPuQHaKusnonyooBsadXGRMgr2knrxhn,11,315.18688744662,28.65335340423818,2.0
6ybaWnWYbvqJj4pXhvbsryvJTfuLhCBaNBDZnb998jxa,10,354.86983691704,35.486983691704,2.0
7G3WCkD7Mj4n5PJeDU8AchNR2g8EFzSemyYzKY1oAEKx,10,378.349354748276,37.8349354748276,2.2
D4EwnPB4tYV93Jo1uMQXiaPtjGa3ii97pYfaWY2XktAA,10,111.29264338272,11.129264338272,2.0
2ZBPAgLJw7f37jt537gvYtRDGjrCswdA1gmqRuzMa6cL,10,188.915145899056,18.8915145899056,2.0
hEETYhHaLJaWHKK8hYutEFe2oLGsKmC1LRtNkaE3zVr,9,179.605608847884,19.956178760876,2.0
6vG5ngfPU2zQm198tbygZJKUZUPB4CCS3atNwSUvHMnD,9,186.644841748586,20.73831574984289,2.0
53TpSf5mFyD5WU3i4bMK4jTQKdpSbyDXoBBWpt4oPg11,9,223.50948393797398,24.83438710421933,2.0
69ixw2w6zwWYCqJBeWjckr3CxuacC36KLbGArfEFGpcf,9,343.899773770264,38.211085974473775,2.0
AHsgV3z9Dp3BgRn98Qz4NQSTd8yDMNSjgbC1DsUGetwF,9,6037.732511994733,670.8591679994147,2.0
HgSC6VYwwGCUwY8Qg3VvwQNxJ1LMpD8PPtrrkVXugkcP,9,86.015922964564,9.557324773840444,2.0
SNv74QchBRyTDPgStUUSZx1QQGRbRsNqiXKzEHamKuL,9,149.812355363394,16.645817262599333,2.0
7vdqZLPxpsPPiLzUqmCpHgpb6HDdxnTbVzKR3tjrFTDT,9,21.082982086704,2.342553565189333,2.0
47ePNyo2DucLxXc6NBggQytNUph8ThKBKmSGsRTjUBGW,9,202.014474962706,22.446052773634,2.0
3jYHKknDedZUWUdmNowv9z7yMXtdv8FSoCz26qRjSrJ9,9,4196.475370888132,466.2750412097924,2.0
CqQMFUCEMbK9Cp9yMonmthKqzc59Ta48JpZMZsh1bDqf,9,394.048506962185,43.78316744024278,2.0
3hskKU8dQeLzAudaaheP3WiJsZZf2G6E2AAWyTgjurKw,9,419.81426082068805,46.64602898007645,2.0
3N3UYzTV6V7QamECYk6CArRAr7g3yD2qLJoeGSVUaBiN,8,53.543281433926,6.69291017924075,2.0
67pBoU19URSeApUReTWDsebtPYjE6WJo1wYWrzmZmQw7,8,167.402500567906,20.92531257098825,2.0
8QwcX2sa3oEdV9xVjDjQ3N5JpZNSzYtJuu77fKhGTaU4,8,5.614364625094,0.70179557813675,2.0
BckSupmAdrcQczyohr4jXjUBYfJ2ppPf2DTJQxibcCKS,7,383.111724939126,54.730246419875144,2.0
9k5riq9j1uQhDD3ijWphmpwFfVmtiFDzEA85Np3ZaaPL,7,6.68504393451,0.9550062763585715,2.0
5EJDswvCMMfgiMG3Qn5vcsjYZQW8kVhCwrZ1eRzkRFuB,7,14.183738893672,2.0262484133817145,2.0
3esWmcmDAHGGE6y4zJqmxkwiYKHGS8MEXApkXgsz6jrj,7,268.394997882334,38.342142554619144,2.0
FqJpW9ZdrXSoF7LwYvDv6cPb6ghscnoHzkCagasJZcsK,6,67.320011750438,11.220001958406334,2.1666666666666665
8rivnwsB14SR9RRrihruEdgLTgDjEELACaBNJRWv8JrA,6,181.94988291988602,30.32498048664767,2.3333333333333335
6k4sfN9qaACoPxMH7rbLBdE8duoZdtprUwygkqpHXdsj,6,340.902096820814,56.81701613680233,2.0
91d9qFqJWNQKFoz7RbfyVp8c4DMjuiP2ZyRX1VNrBAXx,6,219.512630705238,36.585438450873,2.0
CtpbtytEdfn4WpJ1KyUZXmGD9KjdZNSgnqQtGC8mRTXh,6,96.689049503438,16.114841583906333,2.0
7VuFrPc4X4FzBygx8k32MHVqE3WvF5vz5m3U45ii3eyq,6,94.789361201408,15.798226866901333,2.0
CJezJtuR5axRmncdYjCiBpPxA3RTbwDew4qTLn472pc9,6,160.384178892666,26.730696482111,2.0
HJmtgWoT52w16iMX6ErX6hoxxntUecovwBXUALgGXgR,6,256.058327046572,42.676387841095334,2.0
2yJTepLjtEhT1BJRRY3hHViBAPGrXnSNjDGMQmJFrgtP,6,3974.240986665262,662.3734977775437,2.3333333333333335
4EnJqqKsyXA8Cs9GLzijAkxwcufmVdPBnC5hRmnyyJvR,6,160.10370430958199,26.683950718263663,2.0
ADiU9Ew1MVALsCH27nDSUi7co448wxLH72Po7xHULbMo,6,136.40187666134202,22.73364611022367,2.0
FvTMGcyjwCeVeVFw1KiVQjKcH1qZejF3ojXoPX1XWTQG,5,13392.03650850552,2678.407301701104,2.0
8g4zb1PVgeBMxBaNZwU34wmuQxwFSqWgZoJ5ki57Frx4,5,269.436514713882,53.8873029427764,2.0
AXXN3gk7yHvUsVUw3eXA7SRE7NgfMQ5XMrwdCUsip9BT,5,3649.185302038082,729.8370604076165,2.0
FBYd2MY3UnDwL8hGrrjvYVrgavhXeQbYLaYe4hC9Wcn,5,151.41480616435203,30.282961232870406,2.0
ALfho9CKAM3UQ7Uiyg71J5cL1cmX4ckgyaUtLLruR6sT,5,116.387979895562,23.277595979112398,2.0
FZYYSpNDUzixna66QiDmQB1tjZ5829rC2iqn1TA5mCrc,5,513.488605232076,102.6977210464152,2.0
Gk7SGbMcYhQjbHC5kTpJucwvnHGtLcRrUmumwTy5ivnC,5,198.31838070752002,39.663676141504006,2.0
CgDJxdh3j7QfGVWJKW7CwdVR9wmh2ckA1ssrG51qmvkK,5,141.58925821047998,28.317851642095995,2.0
G5hsHbk2PyinMkgTnv6qvBwcHHRJJVMfsNxw9RZsYx3W,5,75.663764632382,15.1327529264764,2.0
CV8aef6ujEf1XzQkzoCUwx1RcNNrqveaNSSkezafJZzZ,5,64.468265277072,12.8936530554144,2.2
4Y7q9Ndbe11KYg54UU1qY1yfrZUQpA3tzXacmAijuZai,5,41.19237562348,8.238475124695999,2.0
5UUoWL8hThWcpdmyp63qKbxk5Qom7a4ECe8b3EQkLRHr,5,418.2645048145,83.6529009629,2.4
Cj7JrHsCoippZ3PFUMt4mktM9YtawchYwyfWMVLtmxZ8,5,44.02736502998,8.805473005996,2.4
8EH7JhoBBYpEEikqDi3Qg81D5aqS6qpuhMQ7hcH1JmQE,5,315.50086719823,63.10017343964601,2.0
13xo4m3HvZrUUjFXHvtFuKQH7AZ4sBCHjtHU1yJPnthP,5,54.63525463285,10.92705092657,2.0
5sdtbeWtYUHvJatUmkVburrzMBTa1XLDvHp2Bhd2kjAt,5,155.865917568368,31.1731835136736,2.0
Ek8e7HEDeBfdPfAqe2wtpWiqwUuviCuuh9zCWhQFiAhi,4,87.191215297084,21.797803824271,2.0
F3T4faFagfY2Pa1nZdYAs1YHMuH1Req4c3vAhe7quA29,4,127.98817166136001,31.997042915340003,2.0
9JyoFvDbKRmVGY11dhoBAVyBX2uDgxbNcaxWNoyaa4v1,4,87.09301530765599,21.773253826913997,2.0
29PGxSYtE2RWTZBrNDZ8JA8xYY3Nr72eyDf7ceB7i6Jm,4,66.690949919956,16.672737479989,2.0
Cng5ybC5dsf7LQVkLFBnQEwY94WiConYqkSJnoS322No,4,206.885366164168,51.721341541042,2.0
8uKUqSHaH9j7EFj4WEW9zTDLeuisRfK4AC251eLMcHSB,4,56.43494327641,14.1087358191025,2.0
FJ4WRoLysGtsTrbdiWUCML3CRZsEvdweTXtFoUhfPrhf,4,213.121151120758,53.2802877801895,2.0
94vBYGQ9SnAbS85Lbtb7m6M6nNZ6XCwjvz8iSHoycCh4,4,226.93748319312,56.73437079828,2.0
FpUohk49wFwhDVi4YgqYAhCEEXYsDvE57J8BQxiWnJEz,4,263.812885214564,65.953221303641,2.0
3HRCSWg3a5EDy5Zvoap4AALuRNBqCZr3qiQVoX1SRyny,4,310.068222044106,77.5170555110265,2.0
HXWgX1mgsDuF9FUGrfF348xvodq2gydLxkdYEDn9KyUn,4,90.422348109168,22.605587027292,2.0
4f3ZMtjnAZrb924xssJWazjVw9ztarGCXccQYJvbnvnP,4,68.644387042396,17.161096760599,2.0
3hBu6zirjbAJL5wS4CLJe47D7jCTwHPcVWjhYQFRRfji,4,225.16786049071402,56.291965122678505,2.0
3wqxMfwBGVoTqFetT7AFa4CrAxsut7yUi4fdyoqD2Qz1,4,127.41019399043199,31.852548497607998,2.5
HGoJM1hdqtug96AkP2uRLGwUqL2hqDvGnWkmjCFkHdPP,4,21.040311198686002,5.2600777996715005,2.0
GpdfwuPfAUKZmuDwaSZDx7gP5LHkcHocPk5pjwNzVqAS,4,142.93965085089602,35.734912712724004,2.0
L9epjBNcfiXqxWRPa6s8wBVvQjujm7ijwisd5tUKef9,4,236.55142786446004,59.13785696611501,2.0
CsW33tBg4f9MQzzvV2Hehwgod9zgtp65s3SiWZ9NwrcF,3,185.498228655746,61.83274288524867,2.0
33hJXRnSLRJK1FSVGbk4nKPsAeV6m4ZaWseaKQKumAUT,3,270.17185442929997,90.05728480976666,2.0
HFWD7yx8JG6dLD49up2Pjumubgp8ZTmrT2bn867Yo9ub,3,280.34771522602,93.44923840867334,2.0
9SHkqbrg4pgvTsUoR6Dro1YyN76U2tNiN6mU5dvbYf7d,3,175.591841166317,58.53061372210567,2.0
BT8AJyavhSVQ9DdfirLzprcjLPvDtXPH9wxWvJFQgcex,3,1.964034809856,0.6546782699520001,2.0
9JeR9CLKiFdqdA9hH9ZqHoabZr1EheVEJorDscUp2nBY,3,76.428028054536,25.476009351512,2.0
ChneVMus3h2Tmuu5m5X3bDHA3xo9WgiT92fbbXBhHorJ,3,181.72568150905602,60.57522716968534,2.0
FY2jvFWKAXLnDKivtnaCLVUC1z3C2iuv9TRVnRjGubvX,3,87.12921332404,29.043071108013333,2.0
4FkTpqEGAxySkta1nMvKAEYrr6Z2VimqJWeaR7UaJGqV,3,126.359074476222,42.119691492074004,2.0
9C3k63PxPZP5wMfFxUakiNTH2Vf9V9DMjvAGpp7YAEpi,3,25.470109487534,8.490036495844667,2.0
FdkuDFg8pBRECebe69CDpHHq6h6xqsFLAQ9HSgmvBfx,3,119.04832920713599,39.682776402378664,2.0
3VzoHtaGo5eaLXtkXL9Mbn8mpFfxKenpq1pwc3JT4Ktt,3,26.72197985743,8.907326619143333,2.0
B2BmJMvyNa22pGwTShVkoVRub4oH35zha83rNS4z2Dtu,3,33.434428399366,11.144809466455333,2.0
AK6eVyzcW65XiBoVGKcvVwdQvaMveCmzRntsikwXXwZA,3,357.29062800285,119.09687600094999,2.0
5iWf1AWMLa3to2TLrcK2ph9Fnf5SVZVTy7dDwVBDXDob,3,171.87307860920401,57.29102620306801,2.0
8cyHGLYkKiVUFMUvncVArHBcC6rfMJcbbS1uccHoGWkP,3,16.662229288282003,5.554076429427334,2.0
tp7ZRGGBBK6uREbPqQTEqUi3qMqddcZGgb7B9eaRaDv,3,10.580429700035,3.5268099000116666,2.0
8bdWDDwJ92bFxEVjy9nG7EgAMC2HA8zyC5gJU2ZGEoNF,3,341.06132119772803,113.68710706590934,2.0
85RfLmzptp9bGb7Mr3ay4ZTatewuRZgymFXe59NF41SK,3,54.203939774746004,18.067979924915335,2.0
86BV14GNPr54Jag8aXstbZ3mEXgUH2Bo6AjWeNN59yAY,3,155.251893663486,51.750631221161996,2.0
Dd8DTyv5xHKo4guDfqYcLnPTVf9z6DsewjjUBRXPGVK9,3,178.76148842868,59.58716280956,2.0
Gkg3L8K8nYCfcpnoTxya5MgQgLEJvSQtuzEiTpPd1dj7,3,213.17511467655,71.05837155885,2.0
DWhGETdxFFW6EEz7t13XSXPNL3arimNdX4iSbqxoGLHt,3,147.69455240247402,49.23151746749134,2.0
GTQ9H14veTmaTBowi1wvA8HkPBhtSkx2NE9LuZsgJYHx,3,115.317497928368,38.439165976122666,2.0
75qZZqYxKmbMXrpFrcApdG1UFNjU2L5zDUhg2SRgVgKk,3,370.15000023721603,123.38333341240535,2.0
6wVVqZp5SQhVTrMctEwJibkUkNqcxMiLmFXbK2vrpy2A,3,78.762112640324,26.25403754677467,2.0
J5y1Y4gKSbVfsjysPQrnizCrpqNkubx8tpjHeaCGZanE,2,0.320167540864,0.160083770432,2.0
AuxzAycKMejmCCDMNHQ7PoGWkZbZvSGgSjicRMd9yKRL,2,122.720565896,61.360282948,2.0
BzD8fVed3x4L86mijrb9MJ3jZhiXhcBdCdh6aDprFBSo,2,0.11702673662400001,0.058513368312000005,2.0
Hu198cJsDhuVumZpRBYXDuzW4g4g5xVSfzFrjhJvombS,2,0.9827569660999996,0.4913784830499998,2.0
Evqw1RVwy7icUFoaokuGKPpX3LZAmFhnusZsfCyifMGZ,2,23.763254130937998,11.881627065468999,2.0
C47sYL4GnPybPvFJFjLKazpVkKQ2VTsbBWNuGBU6gMAs,2,108.771881285182,54.385940642591,2.5
2B6ZieFdUQBH6CBZyC7r9hZN6w2iz8QTR8rNZHsaKGeC,2,48.400580087804,24.200290043902,2.0
574XeHW2Xo3yxvjM8Dajkiz8db8UkK46G9YWosqpFKXN,2,43.883591821184,21.941795910592,2.5
ETRKQtxrxDHdkf2ENHutEeo4GzazPXtJgN3c9DRavULm,2,0.006638083944,0.003319041972,2.0
sD64FkKi6ctqmKaS515geR279XQhMULrtgAwZLqKMaD,2,81.83438987016001,40.917194935080005,2.0
2UrpHBX7poUHunsPZeUA3gqoxjqeVqcKacW8DAmMWMvy,2,20.202632278936,10.101316139468,2.0
37jnGgJwxLFwkbMWeDx9MnnWUJtGca9um54L1ZcVTSrG,2,67.670174919056,33.835087459528,2.0
CWbx112qfD1XPn4s2rQsHq4V2bM7EZ4kt7dooHhDFRMH,2,100.19861360752,50.09930680376,2.0
36gpJ3652ru4xct9jHQwDE5r4gWm8HEgEHUJa97Yh2dN,2,59.568391292040005,29.784195646020002,2.0
2nXbKys3n2zA74ayXFc8chuRjChUn8ds1nQmVmS1b2nL,2,40.166882708652,20.083441354326,2.0
HSjeATDFCnmwPqFBgykRmEEv9v21d4CaxxWaP5ksB4sh,2,77.7811132098,38.8905566049,2.0
Gv2btkHwZrmipn2Qg7E5NmRChugTvoHhjewzWFPLsnjE,2,108.05104591304,54.02552295652,2.0
88DFHcQcm8BKk9NcfcW4tkVzboEakWqxqGWRUtr2hkJY,2,9.296903096308,4.648451548154,2.5
E3dG5mRcrevt5uAdwV6onirUiWUmDUN1RPBSMUFtR1ed,2,46.136546190252005,23.068273095126003,2.0
N7eXaMhRDZLyqejr88epb3zTg8nDEDXED7uoLCbNf2t,2,107.66978292376601,53.834891461883004,2.0
Fu9gZQWFTmpZihDVevynvZqDFinPi6Rb6k9SCqHhwQB9,2,0.6647756461299998,0.3323878230649999,2.0
6tbejbswWeg5NCvpnqn6aLTKrh8gDCEuM45aaohWAiig,2,134.90778588393,67.453892941965,2.0
5UjCSKaPYRdoEc8oj3py8ArbhMV1WqZngdngTXZA7Ft3,2,17.50916083932,8.75458041966,2.0
DA6U1LErB5f4JB9TaexHWmn4bsUMJW21S5DmHxmGsqiT,2,107.664399511716,53.832199755858,2.0
D21gisty81stsgwB3d2a7H9fWnr7abRcHqYe7ETJL9bA,2,275.86543504078196,137.93271752039098,2.0
DwpCy2U1jRxeWTocYqLjAHymzR4evYkSPZVVsWWSRqyC,2,3.7570428e-05,1.8785214e-05,2.0
GzKmxJrHEFuMmiuDNHrA6EZ52XbiV8McSYAGD3eHHxKk,2,88.99374493424,44.49687246712,2.0
FXPbfotMuGa7GKe1HkvSk9BREbxLh4gM2WN8ieP7xGwj,2,10.651096592232001,5.325548296116001,2.0
3crSqvBk1VeiR4TYzW3SmzUosPn9MF5UjtLK3WxVEH2U,2,109.701977980528,54.850988990264,2.0
7zWE6eobmRteyKdVQzwEuF3cabwdshf5uioFhD7emWY9,2,315.9049279536,157.9524639768,2.0
9bGG5nsnwgSxp9yjMxQTPNWLAqDx1RSNtFpLMkCZrfEx,2,161.606325828492,80.803162914246,2.0
2mHVXDNWwCfa6DHTDwTWzgBq4RRYrXdXUFoJtmDWAvXi,2,9.514541384835999,4.7572706924179995,2.0
5VDy5KB4z3kTuDdfeDV3TSZbpz4VBufFt7MASR6dRLpK,2,1.07273354549,0.536366772745,2.0
Dr9gMXPTB3oR8wT7iUVzxxH9xxpMLtQjggWqWPnnVzEJ,2,19.579548904248,9.789774452124,2.0
E5PMfUEZ2UEZ1ei9nWQGDXVViX8LfkBuq27XSqQxYbJE,1,0.597104756224,0.597104756224,2.0
E35wf2Dsg7JqFY8s6EbW6rKMck38XwWuJMzRH1JQswTC,1,89.49115402575,89.49115402575,2.0
JBVCaWdNUwLJXwTq1SvjbXHDjqZNeZWfTwUspMg9otEn,1,4.014650331136,4.014650331136,2.0
EEYyyLgXmStP7A9L2fDsk9gFm6oYwz6zymX4h85VEqsJ,1,47.976465496307995,47.976465496307995,3.0
J7h5MCAnSWQEAMN7bLLsixMgiJG8764AueKho55b58Ep,1,12.024174506496001,12.024174506496001,2.0
GNNMNRFoptM6BfmotMZqbGD7okdh1MS4LwxF5wn7xb3K,1,0.42910854525,0.42910854525,2.0
EGjCD6RQpicunuHQwZc48xa4o9sbiaheRGN9qBxwLTFX,1,1.98147509301,1.98147509301,2.0
FggdgsnhtAvW2VmoqT1FjRiNv4kf2BNZKVMK9A1Tk2x6,1,0.0022935391199998,0.0022935391199998,2.0
G7cYeas5XPDroLx8zhvVhkuaBNiiFnU1cVuux1LufJKt,1,2.048704921476,2.048704921476,2.0
GP5uKS9g9zBfQtEBwcWj2REVUMpCFQVijBtaP7L8qL8V,1,75.8309646798,75.8309646798,2.0
GPNeqcDAbcNUMDW9tSyD4ouEV7yopDv1DEWYNjjcwD4Q,1,7.88854684416,7.88854684416,2.0
GQmDFNwkhd3nnSPpQY9YRkW8BNGsk4iKDDcGqAk23u19,1,59.121903746066,59.121903746066,2.0
G21Y91i71b9JATvturyXMJp7Jqgku5GNcNgajtEGPzRR,1,68.76775289655599,68.76775289655599,2.0
GiCTgksWjSrSjMa2ZBPMSnrjbMtJPGBWUNnfMtod3xtZ,1,1.416097340296,1.416097340296,2.0
Gno3Bc8VJaEsgzYLkHG11jQJ39AcNPVgXzXZA7R5SYsm,1,4.6035965673,4.6035965673,2.0
Gq2N84FMnbQPP9FyeEp7AGT4rcT5WabdqKhZKERk3yrG,1,4.020894800456,4.020894800456,2.0
fcV38H5xHp8wefAgJaLsafrbJEs7tmSYP6btFXYk98u,1,2.516533610752,2.516533610752,2.0
Fc9N1bjnY55uAdd8jBAiQfmq7511LoJ9ZoEiUqMYJR8D,1,2.41126772148,2.41126772148,2.0
ETBWXADpb8BYVohaYowpSozpXwogJttz3dGisn1S11mX,1,8.407465795856002,8.407465795856002,2.0
FJsMyS6qJr9CU9RiTo7K7wWbXdgh9Pxb5ynE5Uj7vQB5,1,4.899670934016,4.899670934016,2.0
FCZYpUDzHw32vYBCWQpWbQrxDVDbarLaonF9srBd2QYX,1,3.84715978752,3.84715978752,2.0
HfMQcJEgBhtL5H5j7ZM3AcdoQq53ko8GHNQMUeVFgmVR,1,66.601773091896,66.601773091896,2.0
DfGASceY7SJJPQjBwPmuPHFoVG9KXPTyipzjBFxBceLt,1,0.032110483184,0.032110483184,2.0
HiUAnZm9EUHqrUvAHsx6vgB8EAhZbALP4w97FfgmyoB8,1,18.484851367936,18.484851367936,2.0
F2RxRZ8Y9oWAf35vn7WUYqSK8K65G1KvjhxGxz2vCozn,1,5.62090818296,5.62090818296,2.0
EuamxJh9zDYMR1NLizf7WikJsddHp4b5o7qjKp5B7kHT,1,46.60565973312,46.60565973312,2.0
Ep6WTqMcTNBdnTTkkxXMcLXAFKELNk1wmMNXk16NFFRK,1,0.5265022682039998,0.5265022682039998,2.0
rPkaf925unR3wmZzUEjoi6mHBZAEuR5NwEMkySaX7bt,1,153.58220514099202,153.58220514099202,2.0
FAN1wnNvV5nZNLfYkqfiAB8qWauLQCrRmcHKpKU24A87,1,2.388263293722,2.388263293722,2.0
A3JVbpHjFUxhanZks8CD5QWEieF41hhNjVVu2rhk2EKh,1,1.982265764322,1.982265764322,2.0
Demwc3uMXrnxRkcwCCPVV7cB8pcJ4wDEQ4sxCvJPpB4b,1,41.091783715002,41.091783715002,2.0
6BjuPXDZVLW6nY4MKLRwFagLHAWjqogdNbeo7pRr85cF,1,14.9115233943,14.9115233943,2.0
5RfjjfUiooPsszAnWn6PLMn8zuRHk4HAMxVqiWUFwwN9,1,199.70522917796,199.70522917796,2.0
5bUu2Juk3edonuH2jAHSMYmv9AjCCZDLQfGjUoSAQq18,1,1.44472870395,1.44472870395,3.0
5csexqcvnah8ZjeuYWgrM4NnUGNMG633zj4rDqKc8mfR,1,37.399269617454,37.399269617454,2.0
5peSohxTQYrRCgtZ1wbF9y22qqu7sTNpCkaGvwFE5cc5,1,5.003191735296,5.003191735296,2.0
5r61axUSAetYzXRqychZwTWZbVgpbnQGSTEpdDP1w3Li,1,65.84582592768,65.84582592768,2.0
5teTTTaTdwoGL9FCQ1iBoaF6q77kpNNV7uBwBf4owrbf,1,4.806304346112,4.806304346112,2.0
5xXvc6ytyyRVNn9SiZP3i1zoVVHmXdx2J72Q5kFfDAjK,1,9.865328375496,9.865328375496,2.0
6Zk55T7gmCLN2Lv759NJoo31VnzwtGscHFBrX5MpRyes,1,0.26155278195,0.26155278195,2.0
DbVzEeTNuMFBrh4yvTpfzRStgeP8sW31pXXoTK8CjMRc,1,0.322529196604,0.322529196604,2.0
6nySLiLB93hH6qkYsEja8XoeZMo6pkMUGm7hz9rfhJTj,1,57.82949567955001,57.82949567955001,2.0
6ouVAxrquAd1Nze8iCegVfmM2BNGCbMpPSajGmvAQP42,1,14.5573099934,14.5573099934,2.0
779kTZcesRirSRYpNekQVNv8z2z3Yd71f3LzYzUa3DrM,1,43.858459390142,43.858459390142,2.0
7DXKbFLnVJX6CtbNmbMqLGHiCbM9eW4ktfgL2H2UDHB3,1,0.6026532498,0.6026532498,2.0
7EK2KacwsikCQPfNe6ohZaJ4TKu148ZfSXCr8ozRR4K3,1,1.9641344369240004,1.9641344369240004,2.0
7JPT9pm7qtqAcV3yA3FHfneXCqyL8QFbq7TW8rrKb2Ja,1,3.0209364360119997,3.0209364360119997,2.0
7URrZdKLsEnEScLzNA1mS2cPxcTw9BqkVfdVuyTRDrEF,1,211.12837166309,211.12837166309,2.0
5RG5kgdWaD4Pju7wcse9SJPtVHeikUv1W4aNCXT2NS43,1,7.619692956256,7.619692956256,2.0
5ML1nMJQ8xKDhChLWhRMgfDHdkUxR9KSfrS7qFGKxWcE,1,14.693305992192,14.693305992192,2.0
5DFJ3KYeXfVQqfEzL4QFwzKGN3z1u4en6XiR4XXEAGHZ,1,10.054055277154001,10.054055277154001,2.0
5CP8qhVpVwbEeWhhPAX6oLTmykALZRR61yoPCsU3BLZQ,1,2.277650702972,2.277650702972,2.0
1ZvG5kqZGD7qT3mkkYShTpv8hSMpP85FHsimFBLq2Qw,1,57.8100432,57.8100432,2.0
25JxftUgdZq8F3rwKSqkCvc9zwDyrXxnjvhFMihnVa7q,1,0.147115857,0.147115857,2.0
2N1NmW23ydp8hCEF8RucNjBWVfoxCFqAoBhxgfdupE1C,1,6.098789670792,6.098789670792,2.0
2VeRYoTjDaGBXT9Lvh2NawZV5nnLfpmEPRKQuCAkqY84,1,63.326020196904,63.326020196904,2.0
2mGpVLB2P6yVBWneYz2nsffKoVwADKKhKnrLQvmZeMZf,1,1.98872816064,1.98872816064,2.0
2pLByFomfrTSnn8qMywX3k3oQ5yrDHBKHC5GRXMnXgP4,1,1674.43423024,1674.43423024,2.0
2u6MgHVjfYf91UKshpNN3ctV2jVKJ8NN2hsggCxYmdxM,1,28.345292810999997,28.345292810999997,2.0
35tNZcDJV2Emx55yjsNL2rvHhs6DsQStF4kCiyHpzSRG,1,100.01101024,100.01101024,2.0
3LnUsrHZnMnNHUt3oSbnWA1aoB5ZR79j2XBqKueKuCjC,1,25.704174388158,25.704174388158,2.0
3pBvivDV746LStH3afZJvH1MwWE7VKP5SzH3ymnVw29u,1,0.022376635284,0.022376635284,2.0
4LiSeWSfNaC8RgKD59d3wRts5a81GGsvsBMZwFLj828n,1,1.400825998764,1.400825998764,2.0
4ME6Dd1eRZYLdazoKKxCKAkN5gQdryAPQeTDVgYxpHUM,1,179.618249643974,179.618249643974,2.0
4fhTWugqbqes3iTjh8T6hmrseAPia5bjSFj5agLPPLSL,1,0.1971156981,0.1971156981,2.0
56DekrVg2eJbvw67M6rfQarQpxAZjX5jBpMehQm4hbwn,1,10.492754371218002,10.492754371218002,2.0
59TfcfHFcGVHc7bXN1DnGnqZ5egrgzSFXdH6hwUyUSXf,1,4.295505968348,4.295505968348,2.0
7uUqr2Lznx8q5DkiPaaQGz33P9m9eeM5ePRnz5QTP4VA,1,1.2750037776279999,1.2750037776279999,2.0
8Diq9KBTzUGGsX55K6dvscc8GweYqPs8L9BYGcXfMcTa,1,2.445858595556,2.445858595556,2.0
8Py729r5Lu8mvLpceYzQncakcp8ymuJhDV3MabAzCSr9,1,0.668931987372,0.668931987372,2.0
ApB4dSLsvK1zdJRbsitB7e9THL39BpDFhJkXMEFAvWMS,1,0.9869716709999998,0.9869716709999998,2.0
Ax31E826aP16kqAxkpM3e8hYjRHKJ3ikyWvS5Y6oazVM,1,6.498584573072,6.498584573072,2.0
AzbRN2vJwcNkEqCSUWvSdtVx6kq9WcGqAmeHwrWoZToF,1,106.51658705982001,106.51658705982001,2.0
B14aprNTfYGzTxx1GUWfS6rLz1QffQiF21KDEKQyN5k2,1,10.363865357314,10.363865357314,2.0
BRoDgTqzkKVn59JD9eEtmYrAh6YDgTUfGjRMihwzaMYx,1,2.02849194752,2.02849194752,2.0
CHDRbn9AX1kDEZfsLbe6wp3ajVBRuwsrvUhMGnMzaLRY,1,30.09980000525,30.09980000525,2.0
CHsUEmg5P5PgTBs37fqrfL25bo2H7bK7fMdk1KuBs7dg,1,4.675947342464,4.675947342464,2.0
CLf8sDQ4oYg1YoC23EpTAXse7J2e9Q43RVA5TEMLAvKb,1,127.5365847644,127.5365847644,2.0
CQxZ5fb2bKSqJ5YryfsYUAP2Bn3qoza4rdGJjtFUwZRJ,1,7.10261664024,7.10261664024,2.0
CTNvNYVJfxAREG6U3Yn4cpJcJv1ah4SKacWY7XbBVZsj,1,3.26165464,3.26165464,2.0
CWv7VDfMoqsW4Cae2wxRJht5jrbPsms6QLL1fRSSArN7,1,4.03360291608,4.03360291608,2.0
DGcvyoA1XN251YaPvUJKT1sVvDB5zEFLiywBwZ81yJAw,1,273.556174477376,273.556174477376,2.0
DMciU6fL3B1rAu8iTS3pgiYMyh2oruZKwyVkmFHjVYyd,1,0.5294823245839998,0.5294823245839998,2.0
DQVKrJWv7R6AxX8E48tFRrbyVZdt1KJTTmJqwqMoFhfW,1,120.79222455142401,120.79222455142401,2.0
Da77CYQpM6GVeZoGJDGTwP5GnWcutiPCSBXz8q8kCgjj,1,68.702511086336,68.702511086336,2.0
DbGZ96qi3NK6ScP1yTQik4CM4m5MSuHJ1UxmdeRyGwsh,1,1.982610984792,1.982610984792,2.0
Arqg6zqCPFDMXeLGcxPsR63onr3aRPpi7stdnu2sj6is,1,6.363019004832,6.363019004832,2.0
Af4hGa48dgerjUh5gmV7GTiB2wGFhxSsjXaeiGtFVW45,1,168.93789530532402,168.93789530532402,2.0
8UvmZZxZ8BvVvxL3JUozyzZLSJXrAdENaTBPDofXHbYR,1,47.30406176304,47.30406176304,2.0
AWLQNtLLpi8yAgG74n5m4G5e4BRCU7AqPqjQTRwUqPXr,1,3.696707804928,3.696707804928,2.0
8VFaCLkCGaEqScJyJv8nqwQ55GCi9ZZATMxLXpQPMDzc,1,25.96832827962,25.96832827962,2.0
8k9khgJiQUbMF5mgHBCAts5y1473BgUw4MrdnLWQWhsL,1,0.2106386045819998,0.2106386045819998,2.0
8oEZCnZPpChz5iGLtn8eJJW7EPooBikY56TSV4QfwFU9,1,32.012889924991995,32.012889924991995,2.0
93kuAhLwcwRwhfQsESsQAMKotbUsVfWt5FNJGuicqNNq,1,350.07180161433604,350.07180161433604,2.0
95ZSBedrz3JxhzXF731vg4oXsr41yRdSkfoVLabb7nhG,1,145.529096453888,145.529096453888,2.0
9822fe9ZLSbShzGoBreQQdEZJQgE5y8VyAUEu1ANHbcj,1,37.787948542124006,37.787948542124006,2.0
9DoJEgc5rfse7ejbrhnszKH98Vgw2HYaL57YbNEpmffZ,1,180.725978777088,180.725978777088,2.0
9F6hBBjkjbzj8GDtgNc1zMeqW3FUyujfbPGQWamHFZ9T,1,17.741211791700003,17.741211791700003,2.0
9FwPYZUdqnQ1pTWnAjohuMUTHWBRTL8teMmYtxh1mHbW,1,214.044442037056,214.044442037056,2.0
9Hx4AtSrKBACUAqrDYpYVQ3tBMpE9a63KZtUDjc78iA,1,7.90653624768,7.90653624768,2.0
9J9EVpBCb4knRkjnKqnUTn4KxW354X7P1SghtPXuFunA,1,17.258818120724,17.258818120724,3.0
9s6gEnFxzYQBnSbZD4hXaBpwPTQKEJKz1aaJPtxYfrNQ,1,63.57000488412,63.57000488412,2.0
A6thQFHTdECydRC4wKa25zm4Ec8ksjjo3MTuG8CcRgTk,1,117.26129967034,117.26129967034,2.0
AAur8yu292UftbZjqK9DFA7cNfyRoQjcdggXfGEKEodg,1,82.46600856,82.46600856,2.0
AUBtTVk7WvUjRdkoKycoxftAPgRQAuajU2jVqsEdCXQ1,1,3.656482563174,3.656482563174,2.0
zJ8gmGfrzhQKHDLKZkV2uBBufN89bNuD2BAyA2vgkCu,1,2.2502594724,2.2502594724,2.0
